Workbook

Sheet Instrucciones
A1: 📖 CÓMO USAR ESTA PLANILLA
A4: 1. 📊 Dashboard | B4: Muestra KPIs, costos por servicio y valor del inventario por equipo médico.
A5: 2. 📦 Stock | B5: Lista maestra de insumos con fotos, stock, precios, y columna 'Estado' con semáforo.
A6: 3. 🔄 Movimientos | B6: Registra cada entrada/salida: Tipo IN/OUT, Insumo y Servicio desde listas desplegables, Cantidad, Responsable y N° paciente/estudio.
A7: 4. 📝 Pedidos | B7: Listado automático para pedido de compra. 'Sugerido' calcula reposición según promedio anual vs stock.
A8: 5. ⚙️ Config | B8: Tipo de cambio ARS/USD y umbral de stock crítico (%). Lista de servicios editable.
A10: 💡 Tip | B10: Para agregar un insumo: llena una nueva fila en 'Stock' (no olvides el precio). Foto: Insertar > Imagen en la celda Foto.
A11: 🔗 App HTML | B11: Además de este Excel, tienes la app HTML interactiva (Stock_Insumos_App.html) con las mismas funciones + fotos grandes.

Sheet Dashboard
A1: 📊 DASHBOARD — Stock de Insumos
A2: Actualizado automáticamente desde las hojas Stock y Movimientos
B4: Total insumos | D4: Stock crítico | F4: Valor inv. USD | H4: Valor inv. ARS
B5: =COUNTA(Stock!B3:B200) -> 28 | D5: =SUMPRODUCT((Stock!B3:B200<>"")*(Stock!C3:C200<(Stock!H3:H200*Config!B3/100))) -> 0 | F5: =SUMPRODUCT((Stock!B3:B200<>"")*Stock!C3:C200*Stock!M3:M200) -> 0 | H5: =SUMPRODUCT((Stock!B3:B200<>"")*Stock!C3:C200*Stock!N3:N200) -> 0
A8: 💰 Costo por servicio (basado en salidas registradas)
A10: Servicio | B10: Unidades consumidas | C10: Costo USD | D10: Costo ARS
A11: UTI / Terapia Intensiva | B11: =SUMIFS(Movimientos!E:E,Movimientos!B:B,"OUT",Movimientos!F:F,A11) -> 0 | C11: =IFERROR(SUMPRODUCT((Movimientos!B3:B1000="OUT")*(Movimientos!F3:F1000=A11)*(Movimientos!I3:I1000)),0) -> 0 | D11: =IFERROR(SUMPRODUCT((Movimientos!B3:B1000="OUT")*(Movimientos!F3:F1000=A11)*(Movimientos!J3:J1000)),0) -> 0
A12: Laboratorio del Sueño / EEG | B12: =SUMIFS(Movimientos!E:E,Movimientos!B:B,"OUT",Movimientos!F:F,A12) -> 0 | C12: =IFERROR(SUMPRODUCT((Movimientos!B3:B1000="OUT")*(Movimientos!F3:F1000=A12)*(Movimientos!I3:I1000)),0) -> 0 | D12: =IFERROR(SUMPRODUCT((Movimientos!B3:B1000="OUT")*(Movimientos!F3:F1000=A12)*(Movimientos!J3:J1000)),0) -> 0
A13: Cardiología / Ergometría | B13: =SUMIFS(Movimientos!E:E,Movimientos!B:B,"OUT",Movimientos!F:F,A13) -> 0 | C13: =IFERROR(SUMPRODUCT((Movimientos!B3:B1000="OUT")*(Movimientos!F3:F1000=A13)*(Movimientos!I3:I1000)),0) -> 0 | D13: =IFERROR(SUMPRODUCT((Movimientos!B3:B1000="OUT")*(Movimientos!F3:F1000=A13)*(Movimientos!J3:J1000)),0) -> 0
A14: Consultorios / Emergencias / Quirófano | B14: =SUMIFS(Movimientos!E:E,Movimientos!B:B,"OUT",Movimientos!F:F,A14) -> 0 | C14: =IFERROR(SUMPRODUCT((Movimientos!B3:B1000="OUT")*(Movimientos!F3:F1000=A14)*(Movimientos!I3:I1000)),0) -> 0 | D14: =IFERROR(SUMPRODUCT((Movimientos!B3:B1000="OUT")*(Movimientos!F3:F1000=A14)*(Movimientos!J3:J1000)),0) -> 0
A15: Quirófano | B15: =SUMIFS(Movimientos!E:E,Movimientos!B:B,"OUT",Movimientos!F:F,A15) -> 0 | C15: =IFERROR(SUMPRODUCT((Movimientos!B3:B1000="OUT")*(Movimientos!F3:F1000=A15)*(Movimientos!I3:I1000)),0) -> 0 | D15: =IFERROR(SUMPRODUCT((Movimientos!B3:B1000="OUT")*(Movimientos!F3:F1000=A15)*(Movimientos!J3:J1000)),0) -> 0
A16: UCO | B16: =SUMIFS(Movimientos!E:E,Movimientos!B:B,"OUT",Movimientos!F:F,A16) -> 0 | C16: =IFERROR(SUMPRODUCT((Movimientos!B3:B1000="OUT")*(Movimientos!F3:F1000=A16)*(Movimientos!I3:I1000)),0) -> 0 | D16: =IFERROR(SUMPRODUCT((Movimientos!B3:B1000="OUT")*(Movimientos!F3:F1000=A16)*(Movimientos!J3:J1000)),0) -> 0
A17: TOTAL | B17: =SUM(B11:B16) -> 0 | C17: =IFERROR(SUM(C11:C16),0) -> 0 | D17: =IFERROR(SUM(D11:D16),0) -> 0
A20: 🏥 Valor del inventario por equipo médico
A22: Equipo médico | B22: Items | C22: Stock total | D22: Valor USD | E22: Valor ARS
A23: Alice 6 | B23: =COUNTIF(Stock!E:E,A23) -> 3 | C23: =SUMIF(Stock!E:E,A23,Stock!C:C) -> 0 | D23: =SUMPRODUCT((Stock!E3:E200=A23)*Stock!C3:C200*Stock!M3:M200) -> 0 | E23: =SUMPRODUCT((Stock!E3:E200=A23)*Stock!C3:C200*Stock!N3:N200) -> 0
A24: Desfibrilador de onda Bifasica Efficia DFM100 | B24: =COUNTIF(Stock!E:E,A24) -> 2 | C24: =SUMIF(Stock!E:E,A24,Stock!C:C) -> 0 | D24: =SUMPRODUCT((Stock!E3:E200=A24)*Stock!C3:C200*Stock!M3:M200) -> 0 | E24: =SUMPRODUCT((Stock!E3:E200=A24)*Stock!C3:C200*Stock!N3:N200) -> 0
A25: Ecografo | B25: =COUNTIF(Stock!E:E,A25) -> 1 | C25: =SUMIF(Stock!E:E,A25,Stock!C:C) -> 0 | D25: =SUMPRODUCT((Stock!E3:E200=A25)*Stock!C3:C200*Stock!M3:M200) -> 0 | E25: =SUMPRODUCT((Stock!E3:E200=A25)*Stock!C3:C200*Stock!N3:N200) -> 0
A26: Estudio del Sueño / EEG | B26: =COUNTIF(Stock!E:E,A26) -> 1 | C26: =SUMIF(Stock!E:E,A26,Stock!C:C) -> 0 | D26: =SUMPRODUCT((Stock!E3:E200=A26)*Stock!C3:C200*Stock!M3:M200) -> 0 | E26: =SUMPRODUCT((Stock!E3:E200=A26)*Stock!C3:C200*Stock!N3:N200) -> 0
A27: Estudio del Sueño /EEG | B27: =COUNTIF(Stock!E:E,A27) -> 2 | C27: =SUMIF(Stock!E:E,A27,Stock!C:C) -> 0 | D27: =SUMPRODUCT((Stock!E3:E200=A27)*Stock!C3:C200*Stock!M3:M200) -> 0 | E27: =SUMPRODUCT((Stock!E3:E200=A27)*Stock!C3:C200*Stock!N3:N200) -> 0
A28: Holter | B28: =COUNTIF(Stock!E:E,A28) -> 2 | C28: =SUMIF(Stock!E:E,A28,Stock!C:C) -> 0 | D28: =SUMPRODUCT((Stock!E3:E200=A28)*Stock!C3:C200*Stock!M3:M200) -> 0 | E28: =SUMPRODUCT((Stock!E3:E200=A28)*Stock!C3:C200*Stock!N3:N200) -> 0
A29: Monitor Mulpiparametrico MX800 / MX450 (Philips) | B29: =COUNTIF(Stock!E:E,A29) -> 8 | C29: =SUMIF(Stock!E:E,A29,Stock!C:C) -> 0 | D29: =SUMPRODUCT((Stock!E3:E200=A29)*Stock!C3:C200*Stock!M3:M200) -> 0 | E29: =SUMPRODUCT((Stock!E3:E200=A29)*Stock!C3:C200*Stock!N3:N200) -> 0
A30: Oftalmoscopio | B30: =COUNTIF(Stock!E:E,A30) -> 1 | C30: =SUMIF(Stock!E:E,A30,Stock!C:C) -> 0 | D30: =SUMPRODUCT((Stock!E3:E200=A30)*Stock!C3:C200*Stock!M3:M200) -> 0 | E30: =SUMPRODUCT((Stock!E3:E200=A30)*Stock!C3:C200*Stock!N3:N200) -> 0
A31: Otoscopio | B31: =COUNTIF(Stock!E:E,A31) -> 1 | C31: =SUMIF(Stock!E:E,A31,Stock!C:C) -> 0 | D31: =SUMPRODUCT((Stock!E3:E200=A31)*Stock!C3:C200*Stock!M3:M200) -> 0 | E31: =SUMPRODUCT((Stock!E3:E200=A31)*Stock!C3:C200*Stock!N3:N200) -> 0
A32: Poligrafo | B32: =COUNTIF(Stock!E:E,A32) -> 1 | C32: =SUMIF(Stock!E:E,A32,Stock!C:C) -> 0 | D32: =SUMPRODUCT((Stock!E3:E200=A32)*Stock!C3:C200*Stock!M3:M200) -> 0 | E32: =SUMPRODUCT((Stock!E3:E200=A32)*Stock!C3:C200*Stock!N3:N200) -> 0
A33: Schiller Sana Bike 1000 ERG 911 PLUS | B33: =COUNTIF(Stock!E:E,A33) -> 2 | C33: =SUMIF(Stock!E:E,A33,Stock!C:C) -> 0 | D33: =SUMPRODUCT((Stock!E3:E200=A33)*Stock!C3:C200*Stock!M3:M200) -> 0 | E33: =SUMPRODUCT((Stock!E3:E200=A33)*Stock!C3:C200*Stock!N3:N200) -> 0
A34: Tensiometro Digital | B34: =COUNTIF(Stock!E:E,A34) -> 4 | C34: =SUMIF(Stock!E:E,A34,Stock!C:C) -> 0 | D34: =SUMPRODUCT((Stock!E3:E200=A34)*Stock!C3:C200*Stock!M3:M200) -> 0 | E34: =SUMPRODUCT((Stock!E3:E200=A34)*Stock!C3:C200*Stock!N3:N200) -> 0

Sheet Stock
A1: 📦 STOCK DE INSUMOS — Lista maestra
A2: Foto | B2: ITEM | C2: Stock | D2: Estado | E2: Equipo médico | F2: Marca | G2: Referencia/URL | H2: Ubicación | I2: Prom. anual | J2: Solicitud compra | K2: Moneda | L2: Precio (original) | M2: Precio unit. valor | N2: Precio USD | O2: Precio ARS
B3: Set de 9 Latiguillos para medicion de 4 canales de EEG | C3: 0 | D3: =IF(C3=0,"SIN STOCK",IF(AND(H3>0,C3<H3*Config!$B$3/100),"CRÍTICO",IF(AND(H3>0,C3<H3*0.5),"BAJO","OK"))) -> SIN STOCK | E3: Monitor Mulpiparametrico MX800 / MX450 (Philips) | F3: PHILIPS | G3: 989803180561 | I3: 5 | J3: 10 | K3: USD | L3: USD 686,79 | M3: 686.79 | N3: =IF(J3="USD",L3,IF(J3="ARS",L3/Config!$B$2,0)) -> 0 | O3: =IF(J3="ARS",L3,IF(J3="USD",L3*Config!$B$2,0)) -> 0
B4: Cable Troncal de 4 canales de EEG 9 derivaciones | C4: 0 | D4: =IF(C4=0,"SIN STOCK",IF(AND(H4>0,C4<H4*Config!$B$3/100),"CRÍTICO",IF(AND(H4>0,C4<H4*0.5),"BAJO","OK"))) -> SIN STOCK | E4: Monitor Mulpiparametrico MX800 / MX450 (Philips) | F4: PHILIPS | G4: 9989803180541 | I4: 1 | J4: 0 | K4: USD | L4: USD 895,44 | M4: 895.44 | N4: =IF(J4="USD",L4,IF(J4="ARS",L4/Config!$B$2,0)) -> 0 | O4: =IF(J4="ARS",L4,IF(J4="USD",L4*Config!$B$2,0)) -> 0
B5: Cable ECG 3 derivaciones M1672A | C5: 0 | D5: =IF(C5=0,"SIN STOCK",IF(AND(H5>0,C5<H5*Config!$B$3/100),"CRÍTICO",IF(AND(H5>0,C5<H5*0.5),"BAJO","OK"))) -> SIN STOCK | E5: Ecografo | F5: PHILIPS | I5: 3 | J5: 3 | K5: USD | L5: USD 177,76 | M5: 177.76 | N5: =IF(J5="USD",L5,IF(J5="ARS",L5/Config!$B$2,0)) -> 0 | O5: =IF(J5="ARS",L5,IF(J5="USD",L5*Config!$B$2,0)) -> 0
B6: Cable ECG 5 derivaciones M1644A | C6: 0 | D6: =IF(C6=0,"SIN STOCK",IF(AND(H6>0,C6<H6*Config!$B$3/100),"CRÍTICO",IF(AND(H6>0,C6<H6*0.5),"BAJO","OK"))) -> SIN STOCK | E6: Monitor Mulpiparametrico MX800 / MX450 (Philips) | F6: PHILIPS | I6: 15 | J6: 20 | K6: USD | L6: USD 260,31 | M6: 260.31 | N6: =IF(J6="USD",L6,IF(J6="ARS",L6/Config!$B$2,0)) -> 0 | O6: =IF(J6="ARS",L6,IF(J6="USD",L6*Config!$B$2,0)) -> 0
B7: Cable ECG troncal de 5 derivaciones M1668A | C7: 0 | D7: =IF(C7=0,"SIN STOCK",IF(AND(H7>0,C7<H7*Config!$B$3/100),"CRÍTICO",IF(AND(H7>0,C7<H7*0.5),"BAJO","OK"))) -> SIN STOCK | E7: Monitor Mulpiparametrico MX800 / MX450 (Philips) | F7: PHILIPS | I7: 10 | J7: 20 | K7: USD | L7: USD 271,77 | M7: 271.77 | N7: =IF(J7="USD",L7,IF(J7="ARS",L7/Config!$B$2,0)) -> 0 | O7: =IF(J7="ARS",L7,IF(J7="USD",L7*Config!$B$2,0)) -> 0
B8: Cable ECG 3 derivaciones M1673A | C8: 0 | D8: =IF(C8=0,"SIN STOCK",IF(AND(H8>0,C8<H8*Config!$B$3/100),"CRÍTICO",IF(AND(H8>0,C8<H8*0.5),"BAJO","OK"))) -> SIN STOCK | E8: Desfibrilador de onda Bifasica Efficia DFM100 | F8: PHILIPS | I8: 3 | J8: 5 | K8: USD | L8: USD 177,76 | M8: 177.76 | N8: =IF(J8="USD",L8,IF(J8="ARS",L8/Config!$B$2,0)) -> 0 | O8: =IF(J8="ARS",L8,IF(J8="USD",L8*Config!$B$2,0)) -> 0
B9: Cable ECG troncal 3 derivaciones M1669A | C9: 0 | D9: =IF(C9=0,"SIN STOCK",IF(AND(H9>0,C9<H9*Config!$B$3/100),"CRÍTICO",IF(AND(H9>0,C9<H9*0.5),"BAJO","OK"))) -> SIN STOCK | E9: Desfibrilador de onda Bifasica Efficia DFM100 | F9: PHILIPS | I9: 3 | J9: 5 | K9: USD | L9: USD 212,16 | M9: 212.16 | N9: =IF(J9="USD",L9,IF(J9="ARS",L9/Config!$B$2,0)) -> 0 | O9: =IF(J9="ARS",L9,IF(J9="USD",L9*Config!$B$2,0)) -> 0
B10: Cable ECG troncal (5+5) (polígrafo) M1949A | C10: 0 | D10: =IF(C10=0,"SIN STOCK",IF(AND(H10>0,C10<H10*Config!$B$3/100),"CRÍTICO",IF(AND(H10>0,C10<H10*0.5),"BAJO","OK"))) -> SIN STOCK | E10: Poligrafo | F10: PHILIPS | I10: 0 | J10: 0 | M10: 0 | N10: =IF(J10="USD",L10,IF(J10="ARS",L10/Config!$B$2,0)) -> 0 | O10: =IF(J10="ARS",L10,IF(J10="USD",L10*Config!$B$2,0)) -> 0
B11: Manguito PNI Adultos M1574A | C11: 0 | D11: =IF(C11=0,"SIN STOCK",IF(AND(H11>0,C11<H11*Config!$B$3/100),"CRÍTICO",IF(AND(H11>0,C11<H11*0.5),"BAJO","OK"))) -> SIN STOCK | E11: Monitor Mulpiparametrico MX800 / MX450 (Philips) | F11: PHILIPS | G11: 989803104171 | I11: 30 | J11: 80 | K11: USD | L11: USD 72,29 | M11: 72.29 | N11: =IF(J11="USD",L11,IF(J11="ARS",L11/Config!$B$2,0)) -> 0 | O11: =IF(J11="ARS",L11,IF(J11="USD",L11*Config!$B$2,0)) -> 0
B12: Manguito PNI Obeso M1576A | C12: 0 | D12: =IF(C12=0,"SIN STOCK",IF(AND(H12>0,C12<H12*Config!$B$3/100),"CRÍTICO",IF(AND(H12>0,C12<H12*0.5),"BAJO","OK"))) -> SIN STOCK | E12: Monitor Mulpiparametrico MX800 / MX450 (Philips) | F12: PHILIPS | I12: 5 | J12: 10 | K12: USD | L12: USD 161,71 | M12: 161.71 | N12: =IF(J12="USD",L12,IF(J12="ARS",L12/Config!$B$2,0)) -> 0 | O12: =IF(J12="ARS",L12,IF(J12="USD",L12*Config!$B$2,0)) -> 0
B13: Sensor de temperatura esofagico - rectal 21075A | C13: 0 | D13: =IF(C13=0,"SIN STOCK",IF(AND(H13>0,C13<H13*Config!$B$3/100),"CRÍTICO",IF(AND(H13>0,C13<H13*0.5),"BAJO","OK"))) -> SIN STOCK | E13: Monitor Mulpiparametrico MX800 / MX450 (Philips) | F13: PHILIPS | I13: 29 | J13: 50 | K13: USD | L13: USD 349,73 | M13: 349.73 | N13: =IF(J13="USD",L13,IF(J13="ARS",L13/Config!$B$2,0)) -> 0 | O13: =IF(J13="ARS",L13,IF(J13="USD",L13*Config!$B$2,0)) -> 0
B14: Sensor SpO2 - M1191BL | C14: 0 | D14: =IF(C14=0,"SIN STOCK",IF(AND(H14>0,C14<H14*Config!$B$3/100),"CRÍTICO",IF(AND(H14>0,C14<H14*0.5),"BAJO","OK"))) -> SIN STOCK | E14: Monitor Mulpiparametrico MX800 / MX450 (Philips) | F14: PHILIPS | I14: 4 | J14: 10 | K14: USD | L14: USD 393,3 | M14: 393.3 | N14: =IF(J14="USD",L14,IF(J14="ARS",L14/Config!$B$2,0)) -> 0 | O14: =IF(J14="ARS",L14,IF(J14="USD",L14*Config!$B$2,0)) -> 0
B15: Set de cable de EEG 90 cm (5 cables) | C15: 0 | D15: =IF(C15=0,"SIN STOCK",IF(AND(H15>0,C15<H15*Config!$B$3/100),"CRÍTICO",IF(AND(H15>0,C15<H15*0.5),"BAJO","OK"))) -> SIN STOCK | E15: Estudio del Sueño / EEG | F15: Insumos Hospitalarios | Cardiosistemas SRL | J15: 10 | K15: ARS | L15: $8000 C/U APROX. | M15: 8000 | N15: =IF(J15="USD",L15,IF(J15="ARS",L15/Config!$B$2,0)) -> 0 | O15: =IF(J15="ARS",L15,IF(J15="USD",L15*Config!$B$2,0)) -> 0
B16: Set de Latiguillos EEG 120CM (5 cables) | C16: 0 | D16: =IF(C16=0,"SIN STOCK",IF(AND(H16>0,C16<H16*Config!$B$3/100),"CRÍTICO",IF(AND(H16>0,C16<H16*0.5),"BAJO","OK"))) -> SIN STOCK | E16: Estudio del Sueño /EEG | F16: Insumos Hospitalarios | Cardiosistemas SRL | I16: 5 | J16: 10 | K16: ARS | L16: $9500 C/U APROX. | M16: 9500 | N16: =IF(J16="USD",L16,IF(J16="ARS",L16/Config!$B$2,0)) -> 0 | O16: =IF(J16="ARS",L16,IF(J16="USD",L16*Config!$B$2,0)) -> 0
B17: Set de Latiguillos EEG 200CM ( 5 cables) | C17: 0 | D17: =IF(C17=0,"SIN STOCK",IF(AND(H17>0,C17<H17*Config!$B$3/100),"CRÍTICO",IF(AND(H17>0,C17<H17*0.5),"BAJO","OK"))) -> SIN STOCK | E17: Estudio del Sueño /EEG | F17: Insumos Hospitalarios | Cardiosistemas SRL | I17: 5 | J17: 10 | K17: ARS | L17: $15000 C/U APROX. | M17: 15000 | N17: =IF(J17="USD",L17,IF(J17="ARS",L17/Config!$B$2,0)) -> 0 | O17: =IF(J17="ARS",L17,IF(J17="USD",L17*Config!$B$2,0)) -> 0
B18: Set de Cable Paciente ECG (7 CABLES) 60CM | C18: 0 | D18: =IF(C18=0,"SIN STOCK",IF(AND(H18>0,C18<H18*Config!$B$3/100),"CRÍTICO",IF(AND(H18>0,C18<H18*0.5),"BAJO","OK"))) -> SIN STOCK | E18: Holter | F18: Insumos Hospitalarios | Cardiosistemas SRL | G18: D7-60S | I18: 3 | J18: 10 | K18: ARS | L18: 59900 | M18: 59900 | N18: =IF(J18="USD",L18,IF(J18="ARS",L18/Config!$B$2,0)) -> 0 | O18: =IF(J18="ARS",L18,IF(J18="USD",L18*Config!$B$2,0)) -> 0
B19: Set de Cable Paciente ECG (5 CABLES) 90CM | C19: 0 | D19: =IF(C19=0,"SIN STOCK",IF(AND(H19>0,C19<H19*Config!$B$3/100),"CRÍTICO",IF(AND(H19>0,C19<H19*0.5),"BAJO","OK"))) -> SIN STOCK | E19: Holter | F19: Insumos Hospitalarios | Cardiosistemas SRL | G19: D5-90S | I19: 3 | J19: 10 | K19: ARS | L19: 49900 | M19: 49900 | N19: =IF(J19="USD",L19,IF(J19="ARS",L19/Config!$B$2,0)) -> 0 | O19: =IF(J19="ARS",L19,IF(J19="USD",L19*Config!$B$2,0)) -> 0
B20: Manguito PNI Adult 11 (25-34cm) | C20: 0 | D20: =IF(C20=0,"SIN STOCK",IF(AND(H20>0,C20<H20*Config!$B$3/100),"CRÍTICO",IF(AND(H20>0,C20<H20*0.5),"BAJO","OK"))) -> SIN STOCK | E20: Tensiometro Digital | F20: Welch Allyn | G20: https://conmil.com.ar/es/store/ | I20: 30 | J20: 20 | K20: ARS | L20: 106177 | M20: 106177 | N20: =IF(J20="USD",L20,IF(J20="ARS",L20/Config!$B$2,0)) -> 0 | O20: =IF(J20="ARS",L20,IF(J20="USD",L20*Config!$B$2,0)) -> 0
B21: Manguito PNI Obeso Adulto 12 (32-43cm) | C21: 0 | D21: =IF(C21=0,"SIN STOCK",IF(AND(H21>0,C21<H21*Config!$B$3/100),"CRÍTICO",IF(AND(H21>0,C21<H21*0.5),"BAJO","OK"))) -> SIN STOCK | E21: Tensiometro Digital | F21: Welch Allyn | G21: https://conmil.com.ar/es/store/ | J21: 0 | K21: ARS | L21: 136125 | M21: 136125 | N21: =IF(J21="USD",L21,IF(J21="ARS",L21/Config!$B$2,0)) -> 0 | O21: =IF(J21="ARS",L21,IF(J21="USD",L21*Config!$B$2,0)) -> 0
B22: Manguito PNI M-L (22-42cm) | C22: 0 | D22: =IF(C22=0,"SIN STOCK",IF(AND(H22>0,C22<H22*Config!$B$3/100),"CRÍTICO",IF(AND(H22>0,C22<H22*0.5),"BAJO","OK"))) -> SIN STOCK | E22: Tensiometro Digital | F22: Microlife | G22: https://www.mercadolibre.com.ar/brazal-universal-para-tensiometro-digital-microlife-2242-cm/up/MLAU383417813?pdp_filters=item_id:MLA1803242736#is_advertising=true&searchVariation=MLAU383417813&backend_model=search-backend&position=5&search_layout=grid&type=pad&tracking_id=0460d4a6-80bc-4ec8-b49a-a1b56ff8d01b&ad_domain=VQCATCORE_LST&ad_position=5&ad_click_id=ODM4ODMyN2ItNmQ2My00MmM1LWI4NzItZmFlMDY5YzYyZGM3 | J22: 30 | K22: ARS | L22: 55211 | M22: 55211 | N22: =IF(J22="USD",L22,IF(J22="ARS",L22/Config!$B$2,0)) -> 0 | O22: =IF(J22="ARS",L22,IF(J22="USD",L22*Config!$B$2,0)) -> 0
B23: Manguito PNI Obeso L-XL (32-52cm) | C23: 0 | D23: =IF(C23=0,"SIN STOCK",IF(AND(H23>0,C23<H23*Config!$B$3/100),"CRÍTICO",IF(AND(H23>0,C23<H23*0.5),"BAJO","OK"))) -> SIN STOCK | E23: Tensiometro Digital | F23: Microlife | G23: https://www.mercadolibre.com.ar/brazal-mango-obeso-32-a-52-cm-tensiometro-digital-microlife/up/MLAU307445902#polycard_client=search-desktop&search_layout=grid&position=3&type=product&tracking_id=3d0ed5ab-56be-47de-a74f-90d6ce9b7aa9&wid=MLA915164043&sid=search | J23: 5 | K23: ARS | L23: 89250 | M23: 89250 | N23: =IF(J23="USD",L23,IF(J23="ARS",L23/Config!$B$2,0)) -> 0 | O23: =IF(J23="ARS",L23,IF(J23="USD",L23*Config!$B$2,0)) -> 0
B24: cable de ergonometria | C24: 0 | D24: =IF(C24=0,"SIN STOCK",IF(AND(H24>0,C24<H24*Config!$B$3/100),"CRÍTICO",IF(AND(H24>0,C24<H24*0.5),"BAJO","OK"))) -> SIN STOCK | E24: Schiller Sana Bike 1000 ERG 911 PLUS | F24: SCHILLER | G24: ADAPTADOR FT-1 | Conmil Web | J24: 1 | K24: ARS | L24: 762000 | M24: 762000 | N24: =IF(J24="USD",L24,IF(J24="ARS",L24/Config!$B$2,0)) -> 0 | O24: =IF(J24="ARS",L24,IF(J24="USD",L24*Config!$B$2,0)) -> 0
B25: Cable paciente para cicloergometro | C25: 0 | D25: =IF(C25=0,"SIN STOCK",IF(AND(H25>0,C25<H25*Config!$B$3/100),"CRÍTICO",IF(AND(H25>0,C25<H25*0.5),"BAJO","OK"))) -> SIN STOCK | E25: Schiller Sana Bike 1000 ERG 911 PLUS | F25: SCHILLER | G25: https://conmil.com.ar/es/producto/cable-paciente-ecg---clip | J25: 1 | K25: ARS | L25: 1457445 | M25: 1457445 | N25: =IF(J25="USD",L25,IF(J25="ARS",L25/Config!$B$2,0)) -> 0 | O25: =IF(J25="ARS",L25,IF(J25="USD",L25*Config!$B$2,0)) -> 0
B26: Sensor de posisicon de vertical 1078758 | C26: 0 | D26: =IF(C26=0,"SIN STOCK",IF(AND(H26>0,C26<H26*Config!$B$3/100),"CRÍTICO",IF(AND(H26>0,C26<H26*0.5),"BAJO","OK"))) -> SIN STOCK | E26: Alice 6 | F26: PHILIPS | G26: AGIMED | I26: 2 | J26: 2 | K26: ARS | L26: 491718.6 | M26: 491718.6 | N26: =IF(J26="USD",L26,IF(J26="ARS",L26/Config!$B$2,0)) -> 0 | O26: =IF(J26="ARS",L26,IF(J26="USD",L26*Config!$B$2,0)) -> 0
B27: kit Durabelt zRip 1078925/1073622 | C27: 0 | D27: =IF(C27=0,"SIN STOCK",IF(AND(H27>0,C27<H27*Config!$B$3/100),"CRÍTICO",IF(AND(H27>0,C27<H27*0.5),"BAJO","OK"))) -> SIN STOCK | E27: Alice 6 | F27: PHILIPS | G27: AGIMED | I27: 4 | J27: 2 | K27: ARS | L27: 1074496.2 | M27: 1074496.2 | N27: =IF(J27="USD",L27,IF(J27="ARS",L27/Config!$B$2,0)) -> 0 | O27: =IF(J27="ARS",L27,IF(J27="USD",L27*Config!$B$2,0)) -> 0
B28: Termisor Oronasal 1078754 | C28: 0 | D28: =IF(C28=0,"SIN STOCK",IF(AND(H28>0,C28<H28*Config!$B$3/100),"CRÍTICO",IF(AND(H28>0,C28<H28*0.5),"BAJO","OK"))) -> SIN STOCK | E28: Alice 6 | F28: PHILIPS | G28: AGIMED | J28: 4 | M28: 0 | N28: =IF(J28="USD",L28,IF(J28="ARS",L28/Config!$B$2,0)) -> 0 | O28: =IF(J28="ARS",L28,IF(J28="USD",L28*Config!$B$2,0)) -> 0
B29: Lámpara LED 3,5V 03100 REF 901181 | C29: 0 | D29: =IF(C29=0,"SIN STOCK",IF(AND(H29>0,C29<H29*Config!$B$3/100),"CRÍTICO",IF(AND(H29>0,C29<H29*0.5),"BAJO","OK"))) -> SIN STOCK | E29: Otoscopio | F29: Welch Allyn | G29: https://conmil.com.ar/es/store/ | I29: 10 | J29: 20 | K29: ARS | L29: 280000 | M29: 280000 | N29: =IF(J29="USD",L29,IF(J29="ARS",L29/Config!$B$2,0)) -> 0 | O29: =IF(J29="ARS",L29,IF(J29="USD",L29*Config!$B$2,0)) -> 0
B30: Lámpara Halógena 3,5V 04900 REF 901181 | C30: 0 | D30: =IF(C30=0,"SIN STOCK",IF(AND(H30>0,C30<H30*Config!$B$3/100),"CRÍTICO",IF(AND(H30>0,C30<H30*0.5),"BAJO","OK"))) -> SIN STOCK | E30: Oftalmoscopio | F30: Welch Allyn | G30: https://conmil.com.ar/es/store/ | I30: 10 | J30: 20 | K30: ARS | L30: 277000 | M30: 277000 | N30: =IF(J30="USD",L30,IF(J30="ARS",L30/Config!$B$2,0)) -> 0 | O30: =IF(J30="ARS",L30,IF(J30="USD",L30*Config!$B$2,0)) -> 0

Sheet Movimientos
A1: 🔄 REGISTRO DE MOVIMIENTOS (Entradas / Salidas)
A2: Fecha | B2: Tipo (IN/OUT) | C2: ITEM | D2: Cantidad | E2: Cant* | F2: Servicio | G2: Responsable | H2: Paciente/Estudio | I2: Subtotal USD | J2: Subtotal ARS | K2: Notas

Sheet Pedidos
A1: 📝 LISTADO DE PEDIDO DE INSUMOS
A2: 💡 Edita la columna 'Cant. a pedir' para generar tu pedido. 'Sugerido' propone cuánto reponer según promedio anual vs stock.

Sheet Config
A1: ⚙️ CONFIGURACIÓN
A2: Tipo de cambio (ARS por 1 USD): | B2: 1200 | D2: SERVICIOS
A3: Umbral stock crítico (% prom. anual): | B3: 20 | D3: UTI / Terapia Intensiva | F3: Agrega más servicios debajo (columna D). Se reflejan en las listas desplegables de Movimientos.
D4: Laboratorio del Sueño / EEG
A5: ⚠️ Editables: amarillo = cambia estos valores; fórmulas recalculan automáticamente. | D5: Cardiología / Ergometría
D6: Consultorios / Emergencias / Quirófano
D7: Quirófano
D8: UCO
